{
    "limitations":{
       "title":"Limitaciones en las fuentes",
       "questions":[
         "¿Hay limitaciones que pudieran influenciar los resultados del proyecto?",
         "Considera:",
         "• sesgos en la recopilación de los datos, inclusión/exclusión anàlisis, algoritmos.",
         "• brechas u omisiones en los datos",
         "• fuente y calidad de los datos",
         "• otros problemas afectando las decisiones, como la composición del equipo"
       ],
       "listlabel":"Description"
    },
    "ethical-legislative":{
       "title":"Contexto ético y legislativo",
       "questions":[
          "¿Cuáles códigos éticos existentes aplican a tu sector o proyecto?", 
          "¿Qué políticas, leyes u otra regulación determina cómo usas los datos?  ¿Qué requerimientos introducen?",
          "Considera:", 
          "el estado de derecho; los  derechos humanos; la protección de los datos; derechos del IP y de las bases de datos; leyes antidiscriminatorias y datos compartidos, políticas, regulaciones y códigos éticos/marcos sectoriales específicos (salud, empleo, impuestos)"
       ],
       "listlabel":"What requirements does this introduce?"
    },
    "mitigations":{
       "title":"Minimizando el impacto negativo",
       "questions":[
         "¿Qué pasos puedes tomar para minimizar los daños? ¿Cómo puedes reducir cualquier limitación en la fuente de tus datos?", 

         "¿Cómo estas resguardando cualquier información personal o sensible?", 
         
         "¿Cómo esta midiendo, reportando y actuando sobre cualquier potencial impacto negativo del proyecto?",
         
         "¿Qué beneficios le traerán al proyecto estas acciones?"
       ]
    },
    "reasons":{
       "title":"Tus razones para usar los datos",
       "questions":[
         "¿Cuál es el principal propósito para recopilar y usar los datos en este proyecto? ¿Cuáles son tus principales estudio de casos? ¿Cuál es tu modelo de negocio?",
         "¿Estás mejorando las cosas para la sociedad? ¿Cómo y para quién?",
         "¿Está sustituyendo otro producto o servicio como producto de este proyecto?"
       ]
    },
    "positive-effects":{
       "title":"Efectos positivos en las personas",
       "questions":[
         "¿Qué individuos, gupos o demografías, u organizaciones estarán afectadas positivamente por este proyecto? ¿De qué manera?",
         "¿Cómo mides y comunicas el impacto positivo? ¿Cómo podrías incrementarlo?"
       ],
       "listlabel":"How?"
    },
    "negative-effects":{
       "title":"Efectos negativos en las personas",
       "questions":[
         "¿Quien puede ser perjudicado por este proyecto? ¿La forma en que los datos han sido recopilados, usados y compartidos dañan o exponen a los individuos con el riesgo de ser re-identificados?",
 
         "¿Podría usarse para identificar, perfilar o perjudicar a las personas, o restringir injustamente el acceso (por ejemplo, acuerdos exclusivos)?" ,
         
         "¿Cómo se comunican las limitaciones y los riesgos a las personas involucradas en el proyecto?",
         
         "Considere: personas impactada por el uso de los datos y organizaciones que usen los datos."
       ],
       "listlabel":"How?"
    },
    "openness":{
       "title":"Apertura y transparencia",
       "questions":[
         "¿Qué tan abierto puedes ser acerca del problemas? ¿Puedes publicar la methodología, metadatos, base de datos, códigos o medidas de impacto?",
         "¿Puedes pedirle a tus colegas retroalimentación del proyecto? ¿Cómo lo comunicaras internamente?",
         "¿Piensas comunicar las acciones y respuestas a este canvas de manera abierta y pública?"
       ]
    },
    "sharing":{
       "title":"Compartiendo datos con otros",
       "questions":[
         "¿Compartirás los datos con otras organizaciones?",
         "Si es así, ¿con quién?",
         "¿Piensas publicar los datos?",
         "¿Bajo qué condiciones?"
       ]
    },
    "communicating":{
       "title":"Comunicando tu propósito",
       "questions":[
         "¿Está claro para la gente tu propósito, especialmente para aquellas personas que serán impactadas por el uso de sus datos?",
         "¿Cómo has comunicado tu propósito? ¿Ha sido clara la comunicación?",
         "¿Cómo estás asegurándote que los individuos-grupos más vulnerables entiendan todo lo que te propones?"
       ]
    },
    "engaging":{
       "title":"Involucrando a las personas",
       "questions":[
         "¿Cómo involucrarse las personas en el proyecto?",
         "¿Cómo pueden corregir información y/o exigir cambios al producto/servicio? ¿Hasta qué punto?",
         "¿Hasta qué punto los mecanismos de apelación son razonables y están bien entendidos?"
       ]
    },
    "implementation":{
       "title":"Implementación continua",
       "questions":[
         "¿Estas incorporando las ideas y consideraciones de las personas afectadas por tu proyecto? ¿Cómo?",
         "¿Qué información o entrenamiento sera necesarios para ayudar a las personas a comprender hechos relacionados con los datos?",
         "¿Existen sistemas, procesos y recuros disponibles para responder a problemas relacionados con los datos que puedan surgir en el largo o mediano plazo?"
       ]
    },
    "review":{
       "title":"Revisiones e iteraciones",
       "questions":[
         "¿Cómo se medirán, monitorearán, discutirán y accionarán los problemas éticos que surjan con los datos?" ,
         "¿Con qué frecuencia se revisaran y/o actualizaran las respuestas a este canvas? ¿Cuándo?"
       ]
    },
    "sources":{
       "title":"Fuente de los datos",
       "questions":[
          "Nombra/describe las fuentes de datos clave en tu proyecto, especifica si estas coleccionando datos tu mismo(a) o si estas accediendo a datos via terceros",
          "¿Hay algún dato personal involucrada o dato que pueda ser sensible?"
       ],
       "labels":{
          "title":"Title",
          "description":"Description",
          "url":"URL",
          "owner":"Owner"
       }
    },
    "rights":{
       "title":"Derechos de las fuentes de datos ",
       "questions":[
         "¿De dónde has obtenido los datos?",
         "¿La recopilcación de los datos fue realizada para este proyecto o fueron recopilados para otro propoósito? ¿Tienes permiso para usar los datos o existe un fundamento sobre el cual esté permitido usarlos?",
         "¿Están producidos por una organización o han sido recopilados directamente de los individuos?",
         "¿Cuáles son los derechos vigentes que esta fuente de datos tendrán?"
      ]
    },
    "actions":{
       "title":"Tus acciones",
       "questions":[
         "¿Qué acciones tomarán antes de avanzar con este proyecto? ¿Qué deberá ser prioritario? ¿Quién será responsable de estas acciones y quién debe estar involucrado?",
         "¿Publicaras abierta/públicamente tus acciones y respuestas a este canvas?"
       ]
    },
    "corners": {
      "top-left": "odi-logo.svg",
      "top-right": "Data Ethics Canvas",
      "bottom-left-text": "Open Data Institute #DataEthicsCanvas",
      "bottom-right-link": "theodi.org/tools",
      "date": "2021-05",
      "licence": ["cc-by-sa.svg", "This text is licensed under a Creative Commons Attribution-ShareAlike 4.0 UK. International License"]
    }
 }